<DATE>	<OPEN>	<HIGH>	<LOW>	<CLOSE>	<TICKVOL>	<VOL>	<SPREAD>
2024.07.01	100000.00	100182.36	99586.07	99860.34	831649	0	0
2024.07.02	99860.29	100044.10	99697.89	99824.51	841312	0	0
2024.07.03	99824.46	99937.95	99189.67	99257.91	794540	0	0
2024.07.04	99257.86	99975.77	99151.80	99596.94	882515	0	0
2024.07.05	99596.89	99890.90	99300.30	99328.02	818148	0	0
2024.07.06	99327.97	99501.66	98988.17	99403.69	848402	0	0
2024.07.07	99403.64	99941.11	99341.86	99649.37	868033	0	0
2024.07.08	99649.32	99749.61	99418.89	99524.32	833501	0	0
2024.07.09	99524.27	99998.04	99337.80	99827.51	878997	0	0
2024.07.10	99827.46	99914.89	99394.31	99601.64	826407	0	0
2024.07.11	99601.59	99622.51	99060.61	99404.67	826451	0	0
2024.07.12	99404.62	99646.59	98950.04	99014.12	809213	0	0
2024.07.13	99014.07	99111.40	98442.00	98718.57	823470	0	0
2024.07.14	98718.52	98847.42	98346.00	98372.33	814687	0	0
2024.07.15	98372.28	98518.87	98130.93	98136.04	825316	0	0
2024.07.16	98135.99	98267.56	97872.30	98243.18	853332	0	0
2024.07.17	98243.13	98656.09	98106.80	98432.84	867691	0	0
2024.07.18	98432.79	99153.57	98423.54	99109.01	921297	0	0
2024.07.19	99108.96	99115.36	98462.93	98771.32	814872	0	0
2024.07.20	98771.27	99456.43	98755.52	99330.90	906206	0	0
2024.07.21	99330.85	99336.40	98594.46	98627.53	777831	0	0
2024.07.22	98627.48	98732.57	98462.31	98691.37	842142	0	0
2024.07.23	98691.32	98963.71	98493.66	98915.56	875372	0	0
2024.07.24	98915.51	99255.83	98429.33	99119.96	872572	0	0
2024.07.25	99119.91	99292.31	98838.95	99035.19	839526	0	0
2024.07.26	99035.14	99069.59	98563.83	98792.95	811621	0	0
2024.07.27	98792.90	98807.40	97929.27	98290.49	797238	0	0
2024.07.28	98290.44	98431.54	98068.36	98202.95	841200	0	0
2024.07.29	98202.90	98859.62	98098.98	98806.78	910920	0	0
2024.07.30	98806.73	99969.84	98784.58	99888.51	948562	0	0
2024.07.31	99888.46	100174.09	99707.32	99925.96	853217	0	0
2024.08.01	99925.91	100393.76	99711.01	99773.90	832997	0	0
2024.08.02	99773.85	100060.53	99357.95	99399.58	811862	0	0
2024.08.03	99399.53	100044.77	99328.17	99880.52	885771	0	0
2024.08.04	99880.47	99988.71	99640.36	99804.90	843100	0	0
2024.08.05	99804.85	99978.58	99123.13	99216.89	782906	0	0
2024.08.06	99216.84	100015.31	99183.39	99839.17	915093	0	0
2024.08.07	99839.12	99895.80	99598.00	99700.38	836826	0	0
2024.08.08	99700.33	100231.62	99547.15	100195.41	898813	0	0
2024.08.09	100195.36	100843.28	100103.85	100510.02	873658	0	0
2024.08.10	100509.97	100509.97	99793.95	99902.01	793381	0	0
2024.08.11	99901.96	99901.96	99062.94	99077.59	759868	0	0
2024.08.12	99077.54	99534.81	99014.40	99344.73	872959	0	0
2024.08.13	99344.68	99491.36	99009.05	99306.44	843733	0	0
2024.08.14	99306.39	99582.46	99182.28	99319.05	851194	0	0
2024.08.15	99319.00	99702.51	99213.81	99607.86	867286	0	0
2024.08.16	99607.81	99827.93	98667.19	98667.19	758780	0	0
2024.08.17	98667.14	98829.94	98383.54	98523.88	836373	0	0
2024.08.18	98523.83	98875.41	98219.39	98274.91	828216	0	0
2024.08.19	98274.86	98691.06	98098.65	98607.80	885312	0	0
2024.08.20	98607.75	98656.99	98317.23	98518.54	837014	0	0
2024.08.21	98518.49	98881.80	98074.79	98301.69	824679	0	0
2024.08.22	98301.64	98606.97	98128.96	98447.09	866646	0	0
2024.08.23	98447.04	98646.07	98320.62	98421.30	841776	0	0
2024.08.24	98421.25	98694.67	98172.20	98370.58	846757	0	0
2024.08.25	98370.53	98990.60	98307.67	98725.10	887606	0	0
2024.08.26	98725.05	98845.37	98471.64	98738.90	857630	0	0
2024.08.27	98738.85	99060.32	98674.40	98951.50	872382	0	0
2024.08.28	98951.45	99428.22	98885.89	99347.03	880633	0	0
2024.08.29	99346.98	99723.82	99223.31	99689.37	881688	0	0
2024.08.30	99689.32	100406.37	99487.76	100355.62	913079	0	0
2024.08.31	100355.57	100553.83	100062.02	100494.74	856658	0	0
2024.09.01	100494.69	101172.96	100462.96	101155.56	901094	0	0
2024.09.02	101155.51	101684.26	100980.43	101591.27	887063	0	0
2024.09.03	101591.22	101636.47	100893.09	101344.94	825155	0	0
2024.09.04	101344.89	101376.02	101073.75	101189.12	835979	0	0
2024.09.05	101189.07	101309.70	100946.32	101123.65	845933	0	0
2024.09.06	101123.60	101324.85	100951.25	101290.84	862241	0	0
2024.09.07	101290.79	101576.81	101068.39	101266.04	845569	0	0
2024.09.08	101265.99	101659.39	101231.32	101480.73	874478	0	0
2024.09.09	101480.68	101769.51	101106.05	101357.96	836239	0	0
2024.09.10	101357.91	101602.81	101029.79	101273.89	844507	0	0
2024.09.11	101273.84	101688.43	101163.10	101446.91	817801	0	0
2024.09.12	101446.86	101867.24	101391.74	101840.33	86400	0	53
2024.09.13	101840.28	102147.86	101699.52	101974.38	86399	0	53
2024.09.14	101974.33	102417.64	101953.78	102291.18	86400	0	53
2024.09.15	102291.13	102480.74	102053.75	102320.53	86250	0	53
2024.09.16	102320.48	102464.96	101695.42	102017.39	86399	0	53
2024.09.17	102017.34	102578.29	101948.36	102486.18	86400	0	53
2024.09.18	102486.13	102681.92	102280.72	102444.58	77656	0	53
2024.09.19	102444.53	102488.94	101904.80	102061.78	86399	0	53
2024.09.20	102061.73	102254.80	101544.01	101718.91	86397	0	53
2024.09.21	101718.86	102201.75	101673.09	102159.31	86399	0	53
2024.09.22	102159.26	102620.67	102073.13	102596.52	86176	0	53
2024.09.23	102596.47	102627.01	102153.68	102349.30	86322	0	53
2024.09.24	102349.25	102429.74	101401.80	101469.31	86399	0	53
2024.09.25	101469.26	102000.43	101327.49	101745.60	86369	0	53
2024.09.26	101745.55	101913.90	101568.07	101742.53	86399	0	53
2024.09.27	101742.48	102505.74	101686.60	102388.02	86399	0	53
2024.09.28	102387.97	102602.54	101938.81	102455.68	86399	0	53
2024.09.29	102455.63	102503.74	101710.77	101733.86	86107	0	53
2024.09.30	101733.81	102021.49	101548.86	101656.04	86399	0	53
2024.10.01	101655.99	101690.24	101175.63	101301.34	86399	0	53
2024.10.02	101301.29	101357.14	100604.15	100678.41	86399	0	53
2024.10.03	100678.36	100824.81	100220.58	100437.07	86252	0	53
2024.10.04	100437.02	100584.47	100209.55	100209.55	86399	0	53
2024.10.05	100209.50	100441.52	100081.52	100171.75	86399	0	53
2024.10.06	100171.70	100237.98	99777.21	100179.54	86398	0	53
2024.10.07	100179.49	100292.35	99935.19	100108.16	86399	0	53
2024.10.08	100108.11	100321.18	99765.09	99843.62	86399	0	53
2024.10.09	99843.57	100025.97	99584.27	99832.47	86399	0	53
2024.10.10	99832.42	100512.44	99766.77	100355.53	86399	0	53
2024.10.11	100355.48	100355.48	99808.14	99948.58	86399	0	53
2024.10.12	99948.53	99982.00	99526.32	99871.22	86399	0	53
2024.10.13	99871.17	100173.58	99775.20	100120.33	86256	0	53
2024.10.14	100120.28	100397.63	99840.48	99840.48	86398	0	53
2024.10.15	99840.43	99962.48	99336.54	99336.54	86400	0	53
2024.10.16	99336.49	99527.85	98867.63	99136.19	86398	0	53
2024.10.17	99136.14	99184.21	98645.68	98913.12	86399	0	53
2024.10.18	98913.07	99286.33	98786.55	98934.08	86399	0	53
2024.10.19	98934.03	98966.32	98495.19	98682.57	82621	0	53
2024.10.20	98682.52	98949.80	98319.84	98891.06	86212	0	53
2024.10.21	98891.01	99397.35	98760.24	99335.32	86393	0	53
2024.10.22	99335.27	99594.59	98976.24	99467.19	86400	0	53
2024.10.23	99467.14	99618.89	99266.53	99335.17	86399	0	53
2024.10.24	99335.12	99434.15	98996.45	99176.68	86401	0	53
2024.10.25	99176.63	99594.83	99092.66	99515.68	86397	0	53
2024.10.26	99515.63	99665.70	99300.66	99603.10	86397	0	53
2024.10.27	99603.05	99983.05	99567.92	99911.00	79990	0	53
2024.10.28	99910.95	99923.91	99112.12	99189.52	86400	0	53
2024.10.29	99189.47	99307.74	98498.53	98523.69	86401	0	53
2024.10.30	98523.64	98645.81	98375.32	98375.84	86400	0	53
2024.10.31	98375.79	98599.93	98075.34	98541.02	86400	0	53
2024.11.01	98540.97	98578.25	98116.05	98148.78	86401	0	53
2024.11.02	98148.73	98688.61	97942.63	98652.67	86331	0	53
2024.11.03	98652.62	99166.55	98566.46	99115.64	86281	0	53
2024.11.04	99115.59	99458.86	99001.58	99385.51	84389	0	53
2024.11.05	99385.46	99565.74	98916.03	99117.69	86400	0	53
2024.11.06	99117.64	99197.17	98745.47	99018.42	86401	0	53
2024.11.07	99018.37	99483.85	98805.25	99441.44	86400	0	53
2024.11.08	99441.39	99687.81	99262.73	99298.39	86400	0	53
2024.11.09	99298.34	99372.23	98861.70	98985.58	86302	0	53
2024.11.10	98985.53	98985.53	98179.71	98559.07	86255	0	53
2024.11.11	98559.02	98874.34	98467.11	98665.31	86398	0	53
2024.11.12	98665.26	98809.38	98464.29	98639.95	86401	0	53
2024.11.13	98639.90	99079.46	98577.02	98698.50	86400	0	53
2024.11.14	98698.45	98796.55	98376.48	98563.66	86400	0	53
2024.11.15	98563.61	99009.65	98389.29	98740.32	86401	0	53
2024.11.16	98740.27	99415.31	98684.43	99312.84	86400	0	53
2024.11.17	99312.79	99508.21	99099.77	99195.40	86328	0	53
2024.11.18	99195.35	99442.68	98924.82	98939.16	86399	0	53
2024.11.19	98939.11	99053.44	98201.85	98579.39	86400	0	53
2024.11.20	98579.34	99211.39	98553.20	98924.08	86400	0	53
2024.11.21	98924.03	99649.43	98844.55	99085.55	86401	0	53
2024.11.22	99085.50	99604.96	98974.02	99333.02	86392	0	53
2024.11.23	99332.97	99473.02	99155.03	99309.02	86400	0	53
2024.11.24	99308.97	99753.03	98869.21	99522.81	86328	0	53
2024.11.25	99522.76	99843.91	99285.01	99611.84	86238	0	53
2024.11.26	99611.79	99941.50	99444.12	99762.40	86400	0	53
2024.11.27	99762.35	100250.02	99669.91	100217.04	86401	0	53
2024.11.28	100216.99	100327.71	99898.29	100081.08	86400	0	53
2024.11.29	100081.03	100110.07	99607.02	99813.77	86400	0	53
2024.11.30	99813.72	100349.75	99809.22	100095.03	86374	0	53
2024.12.01	100094.98	100121.47	99670.65	99761.68	86400	0	53
2024.12.02	99761.63	100119.81	99536.54	99856.32	86394	0	53
2024.12.03	99856.27	100683.64	99770.85	100678.04	86400	0	53
2024.12.04	100677.99	101065.11	100535.12	100566.95	86400	0	53
2024.12.05	100566.90	100809.73	100294.99	100733.71	86401	0	53
2024.12.06	100733.66	100733.66	100333.67	100651.38	86400	0	53
2024.12.07	100651.33	100691.98	99772.46	99988.11	86400	0	53
2024.12.08	100025.80	101046.37	99927.05	101007.78	86255	0	53
2024.12.09	101007.73	101701.72	100930.91	101583.33	86398	0	53
2024.12.10	101583.28	101704.84	101068.26	101311.93	86316	0	53
2024.12.11	101311.88	101311.88	100574.53	100721.83	86400	0	53
2024.12.12	100721.78	101328.53	100668.64	101087.71	86401	0	53
2024.12.13	101087.66	101263.20	100778.07	100790.67	86400	0	53
2024.12.14	100790.62	101354.29	100750.10	101160.75	86400	0	53
2024.12.15	101160.70	101613.59	100935.74	101545.81	86261	0	53
2024.12.16	101545.76	101830.78	101465.65	101789.18	86395	0	53
2024.12.17	101789.13	102231.19	101743.60	102207.69	86400	0	53
2024.12.18	102207.64	102583.23	101870.43	102340.28	86401	0	53
2024.12.19	102340.23	102642.88	102163.24	102540.02	86400	0	53
2024.12.20	102539.97	102559.81	102146.88	102511.01	86400	0	53
2024.12.21	102510.96	102657.53	102318.12	102608.41	86401	0	53
2024.12.22	102608.36	103342.38	102539.96	103270.45	86335	0	53
2024.12.23	103270.40	103461.45	102980.13	103341.86	86400	0	53
2024.12.24	103341.81	103360.20	102703.98	102781.45	86400	0	53
2024.12.25	102781.40	102946.42	102574.69	102913.45	86282	0	53
2024.12.26	102913.40	103541.75	102818.66	103484.40	86400	0	53
2024.12.27	103484.35	104400.61	103431.03	104204.19	86400	0	53
2024.12.28	104204.14	104272.45	103329.99	103483.27	86401	0	53
2024.12.29	103483.22	103833.80	103369.13	103536.39	86335	0	53
2024.12.30	103536.34	103822.98	103390.95	103781.08	86187	0	53
2024.12.31	103781.03	104127.70	103535.78	103940.94	86400	0	53
2025.01.01	103940.89	104190.24	103600.79	103808.10	86281	0	53
2025.01.02	103808.05	103834.21	103129.89	103160.80	86400	0	53
2025.01.03	103160.75	103463.63	103028.22	103223.73	86400	0	53
2025.01.04	103223.68	103488.65	102795.04	103057.45	86401	0	53
2025.01.05	103057.40	103188.37	102872.52	102931.34	86217	0	53
2025.01.06	102931.29	103039.95	102627.87	102646.78	86316	0	53
2025.01.07	102646.73	102792.16	102170.52	102398.42	86401	0	53
2025.01.08	102398.37	102757.68	102384.57	102424.72	86400	0	53
2025.01.09	102424.67	103333.49	102366.45	103166.04	86400	0	53
2025.01.10	103165.99	103305.35	102623.67	102623.67	86401	0	53
2025.01.11	102623.62	102725.82	102036.13	102103.68	86400	0	53
2025.01.12	102103.63	102412.60	102094.18	102164.40	86186	0	53
2025.01.13	102164.35	102171.11	101801.35	102031.08	86396	0	53
2025.01.14	102031.03	102596.50	101806.49	102264.50	86401	0	53
2025.01.15	102264.45	102442.93	102068.23	102277.51	86400	0	53
2025.01.16	102277.46	102456.03	101986.54	102405.18	86400	0	53
2025.01.17	102405.13	102517.55	102048.54	102319.36	86398	0	53
2025.01.18	102319.31	102621.21	102051.18	102474.23	86376	0	53
2025.01.19	102474.18	102727.75	102406.40	102704.39	86335	0	53
2025.01.20	102704.34	102959.67	102652.48	102950.76	86289	0	53
2025.01.21	102950.71	102976.08	102364.99	102890.12	86401	0	53
2025.01.22	102890.07	102975.10	102464.38	102841.54	86400	0	53
2025.01.23	102841.49	102841.49	102103.23	102246.93	86400	0	53
2025.01.24	102246.88	102576.69	102074.82	102209.56	86401	0	53
2025.01.25	102209.51	103157.71	102208.61	103098.74	86381	0	53
2025.01.26	103098.69	103178.02	102564.19	102624.74	86335	0	53
2025.01.27	102624.69	102966.07	102497.24	102827.89	86226	0	53
2025.01.28	102827.84	102873.46	102563.79	102586.59	86337	0	53
2025.01.29	102586.54	102743.93	102100.34	102368.13	86400	0	53
2025.01.30	102368.08	102394.69	101821.26	102235.32	86400	0	53
2025.01.31	102235.27	102272.30	101372.25	101372.25	86401	0	53
2025.02.01	101372.20	101666.34	101023.38	101193.80	85766	0	53
2025.02.02	101193.75	101193.75	100417.55	100739.15	86334	0	53
2025.02.03	100739.10	100867.06	100398.95	100667.63	86400	0	53
2025.02.04	100667.58	100973.17	100589.00	100829.54	86401	0	53
2025.02.05	100829.49	101431.04	100664.01	101395.66	86400	0	53
2025.02.06	101395.61	101611.75	101271.75	101366.91	86400	0	53
2025.02.07	101366.86	101500.54	100789.36	100789.36	86400	0	53
2025.02.08	100789.31	101194.75	100416.27	100965.84	86401	0	53
2025.02.09	100965.79	101043.94	100563.43	100834.96	86207	0	53
2025.02.10	100834.91	101076.10	100447.64	101030.28	86401	0	53
2025.02.11	101030.23	101376.52	100718.22	101207.11	86400	0	53
2025.02.12	101207.06	101467.46	101091.71	101116.71	86400	0	53
2025.02.13	101116.66	101321.98	100821.99	101203.73	86400	0	53
2025.02.14	101203.68	101389.88	100941.25	101124.68	86401	0	53
2025.02.15	101124.63	101335.82	100909.36	100909.36	86400	0	53
2025.02.16	100909.31	101179.79	100640.75	100987.20	86257	0	53
2025.02.17	100987.15	101472.47	100823.35	101193.11	86400	0	53
2025.02.18	101193.06	101327.75	100935.21	101181.39	86401	0	53
2025.02.19	101181.34	101527.09	101015.42	101512.64	86308	0	53
2025.02.20	101512.59	101704.13	101331.37	101524.24	86260	0	53
2025.02.21	101524.19	101632.40	100947.14	101047.75	86400	0	53
2025.02.22	101047.70	101649.52	100944.14	101575.73	86400	0	53
2025.02.23	101575.68	102172.19	101564.63	102118.93	86338	0	53
2025.02.24	102118.88	102243.80	101852.52	101982.43	86401	0	53
2025.02.25	101982.38	102075.88	101699.13	101900.72	86400	0	53
2025.02.26	101900.67	102173.01	101725.72	101934.17	86400	0	53
2025.02.27	101934.12	102332.55	101904.12	102065.38	86400	0	53
2025.02.28	102065.33	102258.53	101840.90	102014.92	86401	0	53
2025.03.01	102014.87	102460.53	101951.22	102159.05	86400	0	53
2025.03.02	102159.00	102211.79	101714.36	101767.64	86256	0	53
2025.03.03	101767.59	101982.87	101337.36	101890.40	86400	0	53
2025.03.04	101890.35	102372.51	101799.77	101973.74	86401	0	80
2025.03.05	101973.69	102169.23	101830.73	101966.56	86345	0	80
2025.03.06	101966.51	102705.16	101855.86	102676.61	86273	0	80
2025.03.07	102676.56	103356.81	102670.98	103140.99	86401	0	80
2025.03.08	103140.94	103445.00	103105.94	103367.67	86400	0	80
2025.03.09	103367.62	103509.41	103141.94	103458.85	86338	0	80
2025.03.10	103458.80	104201.76	103421.89	103672.29	86400	0	80
2025.03.11	103672.24	103820.54	103214.34	103783.64	86401	0	80
2025.03.12	103783.59	104329.79	103501.20	104269.69	86400	0	80
2025.03.13	104269.64	104498.66	104137.44	104381.39	86400	0	80
2025.03.14	104381.34	104662.82	104152.46	104619.77	86400	0	80
2025.03.15	104619.72	105464.14	104502.44	105295.81	86360	0	80
2025.03.16	105295.76	105482.73	105094.75	105381.08	86360	0	80
2025.03.17	105381.03	105426.70	104851.44	105081.25	86400	0	80
2025.03.18	105081.20	105547.24	105073.25	105508.96	86400	0	80
2025.03.19	105508.91	106186.51	105474.22	105895.45	86382	0	80
2025.03.20	105895.40	105973.85	105455.99	105615.08	86401	0	80
2025.03.21	105615.03	105780.00	105243.48	105453.29	86282	0	80
2025.03.22	105453.24	106091.28	105437.49	105789.95	86400	0	80
2025.03.23	105789.90	106126.07	105429.97	106043.42	86010	0	80
2025.03.24	106043.37	106432.81	105965.74	106185.12	86245	0	80
2025.03.25	106185.07	106212.33	105492.60	105545.91	85641	0	80
2025.03.26	105545.86	105618.47	105150.08	105452.86	86400	0	80
2025.03.27	105452.81	105518.25	104920.65	105158.29	86401	0	80
2025.03.28	105158.24	105963.31	104993.17	105858.81	86400	0	80
2025.03.29	105858.76	106204.37	105613.52	106032.09	86400	0	80
2025.03.30	106032.04	106429.04	105931.48	106398.57	80188	0	80
2025.03.31	106398.52	106413.35	105556.70	105673.45	86400	0	80
2025.04.01	105673.40	105869.03	105326.16	105342.54	86400	0	80
2025.04.02	105342.49	105653.02	105238.44	105323.76	86401	0	80
2025.04.03	105323.71	105325.12	104679.59	105017.61	86400	0	80
2025.04.04	105017.56	105533.78	104970.54	105096.79	86400	0	80
2025.04.05	105096.74	105210.83	104694.90	104873.61	86400	0	80
2025.04.06	104873.56	104974.82	104295.89	104486.16	86338	0	80
2025.04.07	104486.11	104678.75	104378.73	104473.77	86400	0	80
2025.04.08	104473.72	104817.39	104173.15	104430.89	86400	0	80
2025.04.09	104430.84	104441.78	103914.77	104307.16	86400	0	80
2025.04.10	104307.11	104696.03	104129.67	104665.45	86401	0	80
2025.04.11	104665.40	104876.99	103983.78	104532.01	86316	0	80
2025.04.12	104531.96	104531.96	104004.04	104246.40	86400	0	80
2025.04.13	104246.35	104418.32	103717.75	104022.76	86248	0	80
2025.04.14	104022.71	104148.75	103576.00	103719.94	86400	0	80
2025.04.15	103719.89	104108.07	103572.03	103795.45	86281	0	80
2025.04.16	103795.40	104185.68	103729.30	103965.83	86399	0	80
2025.04.17	103965.78	104114.69	103164.82	103408.80	86281	0	80
2025.04.18	103408.75	103435.33	102627.14	102627.14	86400	0	80
2025.04.19	102627.09	102742.68	102411.37	102620.09	86400	0	80
2025.04.20	102620.04	102763.35	102190.05	102375.18	86338	0	80
2025.04.21	102375.13	102746.24	102179.86	102578.89	86401	0	80
2025.04.22	102578.84	103302.72	102517.94	103126.38	86205	0	80
2025.04.23	103126.33	103293.50	102638.74	102901.21	86400	0	80
2025.04.24	102901.16	103037.59	102496.11	102496.11	86400	0	80
2025.04.25	102496.06	102573.48	102032.78	102289.94	86231	0	80
2025.04.26	102289.89	102724.88	102100.39	102356.77	86401	0	80
2025.04.27	102356.72	102960.06	102280.54	102940.02	86338	0	80
2025.04.28	102939.97	103546.81	102836.57	103295.21	86318	0	80
2025.04.29	103295.16	103371.25	102600.62	102742.39	86400	0	80
2025.04.30	102742.34	103459.48	102584.81	103393.93	86400	0	80
2025.05.01	103393.88	103393.88	102802.42	103168.46	86401	0	80
2025.05.02	103168.41	103769.38	103062.25	103667.18	86400	0	80
2025.05.03	103667.13	103958.66	103546.30	103945.31	86400	0	80
2025.05.04	103945.26	104214.42	103506.08	104185.19	86335	0	80
2025.05.05	104185.14	104826.71	104063.21	104776.64	86401	0	80
2025.05.06	104776.59	104857.64	104018.54	104195.30	86400	0	80
2025.05.07	104195.25	104376.36	103860.37	104061.20	86400	0	80
2025.05.08	104061.15	104371.04	103890.83	104236.43	86400	0	80
2025.05.09	104236.38	104321.03	103386.45	103400.76	86401	0	80
2025.05.10	103400.71	103658.02	103311.59	103398.81	86400	0	80
2025.05.11	103398.76	103592.02	102930.16	103478.19	86138	0	80
2025.05.12	103478.14	103680.49	103285.77	103593.46	86401	0	80
2025.05.13	103593.41	104166.79	103556.31	103822.39	86400	0	80
2025.05.14	103822.34	104306.60	103591.61	104108.97	86400	0	80
2025.05.15	104108.92	104552.57	103970.36	104508.62	86400	0	80
2025.05.16	104508.57	104760.85	104093.03	104759.80	86401	0	80
2025.05.17	104759.75	104830.43	104284.90	104288.30	86371	0	80
2025.05.18	104288.25	104323.74	103708.65	103989.55	86337	0	80
2025.05.19	103989.50	104376.96	103746.02	104070.79	86401	0	80
2025.05.20	104070.74	104227.85	103677.99	103677.99	86400	0	80
2025.05.21	103677.94	104284.95	103501.28	104251.75	86400	0	80
2025.05.22	104251.70	105419.62	104230.44	105346.39	86401	0	80
2025.05.23	105346.34	106836.10	105313.69	106829.50	86400	0	80
2025.05.24	106829.45	106928.44	106553.71	106620.73	86400	0	80
2025.05.25	106620.68	106855.09	106516.27	106770.79	86336	0	80
2025.05.26	106770.74	106852.84	106185.18	106185.18	86400	0	80
2025.05.27	106185.13	106309.12	105690.53	105871.90	86360	0	80
2025.05.28	105871.85	106065.89	105246.44	105314.69	86352	0	80
2025.05.29	105314.64	105647.70	104957.18	104971.43	86400	0	80
2025.05.30	104971.38	105137.32	104516.00	104579.84	86285	0	80
2025.05.31	104579.79	104956.16	104464.32	104944.06	86319	0	80
2025.06.01	104944.01	104986.31	104482.92	104624.58	86130	0	80
2025.06.02	104624.53	105254.73	104408.01	105235.93	86400	0	80
2025.06.03	105235.88	105628.49	105124.66	105181.24	86401	0	80
2025.06.04	105181.19	105529.58	105004.58	105252.20	86400	0	80
2025.06.05	105252.15	105454.47	105032.75	105431.47	86400	0	80
2025.06.06	105431.42	106121.62	105345.88	105889.44	86400	0	80
2025.06.07	105889.39	105940.68	105073.37	105202.19	86400	0	80
2025.06.08	105202.14	105677.47	105158.71	105646.72	86400	0	80
2025.06.09	105646.67	105759.08	105323.74	105381.01	86400	0	80
2025.06.10	105380.96	105856.45	105311.68	105638.79	86400	0	80
2025.06.11	105638.74	106008.08	105417.08	105435.13	86400	0	80
2025.06.12	105435.08	105899.06	105369.63	105864.24	86401	0	80
2025.06.13	105864.19	105908.71	105496.76	105703.74	86400	0	80
2025.06.14	105703.69	106034.26	105659.73	105849.32	86400	0	80
2025.06.15	105849.27	106286.98	105795.26	106271.35	85840	0	80
2025.06.16	106271.30	106572.70	106037.15	106138.20	86400	0	80
2025.06.17	106138.15	106233.83	105614.21	105889.78	86400	0	80
2025.06.18	105889.73	106319.55	105872.08	106189.69	86401	0	80
2025.06.19	106189.64	106431.48	105912.50	106155.89	86400	0	80
2025.06.20	106155.84	106740.41	106122.38	106261.13	86400	0	80
2025.06.21	106261.08	106459.94	105456.03	105630.67	86400	0	80
2025.06.22	105630.62	105774.74	105033.27	105065.05	86318	0	80
2025.06.23	105065.00	105722.89	104882.53	105659.21	86400	0	80
2025.06.24	105659.16	105735.47	105273.61	105298.53	86400	0	80
2025.06.25	105298.48	105494.16	105144.30	105204.63	86400	0	80
2025.06.26	105204.58	105359.85	104419.63	104485.12	86401	0	80
2025.06.27	104485.07	104507.99	103892.32	104041.82	86400	0	80
2025.06.28	104041.77	104041.77	103420.23	103795.65	86259	0	80
2025.06.29	103795.60	103872.02	103252.74	103549.37	86318	0	80
2025.06.30	103549.32	103678.60	103184.55	103384.72	86401	0	80
2025.07.01	103384.67	103618.34	102949.65	103341.45	86400	0	80
2025.07.02	103341.40	103539.10	102965.86	102965.86	86400	0	80
2025.07.03	102965.81	103440.56	102857.43	103433.91	86391	0	80
2025.07.04	103433.86	103508.33	102822.15	103105.57	86401	0	80
2025.07.05	103105.52	103668.47	103061.25	103246.05	86388	0	80
2025.07.06	103246.00	103356.65	102884.35	103286.30	86394	0	80
2025.07.07	103286.25	103322.77	102632.17	102681.60	86400	0	80
2025.07.08	102681.55	102963.75	102543.20	102733.22	86400	0	80
2025.07.09	102733.17	103331.60	102696.30	103005.80	86401	0	80
2025.07.10	103005.75	103103.48	102762.38	102990.16	86400	0	80
2025.07.11	102990.11	103722.76	102974.89	103448.06	86400	0	80
2025.07.12	103448.01	103549.02	102906.58	103434.26	86330	0	80
2025.07.13	103434.21	103505.41	103093.04	103483.06	86328	0	80
2025.07.14	103483.01	103570.16	103151.13	103160.29	86401	0	80
2025.07.15	103160.24	103388.17	102979.41	103098.28	86272	0	80
2025.07.16	103098.23	103367.64	102992.93	103231.51	86400	0	80
2025.07.17	103231.46	103375.73	102753.95	103308.87	86401	0	80
2025.07.18	103308.82	103359.44	102561.62	102793.37	86400	0	80
2025.07.19	102793.32	102793.32	101961.05	102308.79	86400	0	80
2025.07.20	102308.74	102452.33	101999.92	102402.83	86399	0	80
2025.07.21	102402.78	102808.52	102244.00	102540.54	86399	0	80
2025.07.22	102540.49	102798.73	102310.66	102310.66	86401	0	80
2025.07.23	102310.61	102563.55	102023.89	102165.20	86400	0	80
2025.07.24	102165.15	102509.12	102050.63	102296.52	86400	0	80
2025.07.25	102296.47	102363.36	101828.83	101990.65	86400	0	80
2025.07.26	101990.60	102046.47	101713.38	101939.36	86401	0	80
2025.07.27	101939.31	102089.14	101597.11	102054.94	86400	0	80
2025.07.28	102054.89	102256.07	101630.54	101662.08	86400	0	80
2025.07.29	101662.03	101712.40	101131.25	101387.06	86400	0	80
2025.07.30	101387.01	102095.78	101212.74	101958.07	86400	0	80
2025.07.31	101958.02	102148.60	101534.37	101534.37	86401	0	80
2025.08.01	101534.32	101579.36	101216.74	101234.59	86400	0	80
2025.08.02	101234.54	101691.96	101060.80	101485.95	86400	0	80
2025.08.03	101485.90	101569.84	100868.18	101039.38	86262	0	80
2025.08.04	101039.33	101805.59	100994.82	101618.83	86399	0	80
2025.08.05	101618.78	102477.23	101484.22	102449.32	86401	0	80
2025.08.06	102449.27	102455.64	101831.39	102149.28	86400	0	80
2025.08.07	102149.23	102806.28	102092.28	102726.93	86400	0	80
2025.08.08	102726.88	102932.00	102406.20	102648.34	86400	0	80
2025.08.09	102648.29	102963.02	102519.92	102630.20	86400	0	80
2025.08.10	102630.15	103127.54	102488.80	103080.90	86338	0	80
2025.08.11	103080.85	103416.90	103024.19	103250.82	86400	0	80
2025.08.12	103250.77	103623.80	103047.29	103329.28	86400	0	80
2025.08.13	103329.23	103630.51	103082.87	103287.88	86400	0	80
2025.08.14	103287.83	103809.75	103267.24	103313.77	86401	0	80
2025.08.15	103313.72	103409.32	102991.47	103051.15	86400	0	80
2025.08.16	103051.10	103260.36	102904.68	103159.36	86388	0	80
2025.08.17	103159.31	103496.87	103120.52	103494.27	86242	0	80
2025.08.18	103494.22	103952.21	103201.43	103791.55	86399	0	80
2025.08.19	103791.50	103851.34	103307.92	103335.87	86400	0	80
2025.08.20	103335.82	103447.36	102897.81	103182.43	86401	0	80
2025.08.21	103182.38	103583.13	103065.72	103493.97	86400	0	80
2025.08.22	103493.92	104333.68	103472.72	104221.24	86400	0	80
2025.08.23	104221.19	105040.76	104195.17	104790.17	86400	0	80
2025.08.24	104790.12	104863.86	104469.71	104579.62	86399	0	80
2025.08.25	104579.57	104822.74	104226.19	104294.97	86401	0	80
2025.08.26	104294.92	104370.24	103971.09	104087.79	86400	0	80
2025.08.27	104087.74	104264.69	103821.23	104121.24	86400	0	80
2025.08.28	104121.19	104121.19	103494.77	103823.53	86400	0	80
2025.08.29	103823.48	104696.83	103795.62	104472.75	86400	0	80
2025.08.30	104472.70	104826.23	104254.64	104334.85	85872	0	80
2025.08.31	104334.80	104780.90	104081.68	104124.41	86378	0	80
2025.09.01	104124.36	104681.73	104096.39	104339.34	86400	0	80
2025.09.02	104339.29	104568.10	104327.59	104341.98	86400	0	80
2025.09.03	104341.93	104457.23	104113.79	104346.67	86400	0	80
2025.09.04	104346.62	105591.19	104343.77	105412.69	86400	0	80
2025.09.05	105412.64	105691.10	105236.87	105379.42	86401	0	80
2025.09.06	105379.37	105820.76	105285.95	105479.06	86400	0	80
2025.09.07	105479.01	105969.72	105351.27	105787.77	86399	0	80
2025.09.08	105787.72	105883.58	105297.59	105400.65	86400	0	80
2025.09.09	105400.60	105622.62	105254.87	105273.66	86400	0	80
2025.09.10	105273.61	105539.57	105151.43	105161.75	86401	0	80
2025.09.11	105161.70	105173.21	104606.65	105168.21	86400	0	80
2025.09.12	105168.16	105406.88	104798.05	105384.96	86400	0	80
2025.09.13	105384.91	105484.74	104918.60	104966.70	75218	0	80
2025.09.14	104966.65	105580.53	104841.06	105557.73	86062	0	80
2025.09.15	105557.68	105683.16	105294.11	105506.45	86400	0	80
2025.09.16	105506.40	105506.40	104919.21	105115.58	86401	0	80
2025.09.17	105115.53	105384.40	105035.59	105073.76	86400	0	80
2025.09.18	105073.71	105531.19	105066.48	105400.31	86401	0	80
2025.09.19	105400.26	105622.58	105234.31	105234.31	86400	0	80
2025.09.20	105234.26	105599.75	104856.92	104942.44	75730	0	80
2025.09.21	104942.39	105153.09	104661.29	105064.01	86143	0	80
2025.09.22	105063.96	105120.06	104634.65	104736.62	86401	0	80
2025.09.23	104736.57	105608.70	104728.97	105538.32	86400	0	80
2025.09.24	105538.27	105770.24	105319.14	105467.79	86400	0	80
2025.09.25	105467.74	105819.26	105264.75	105642.65	86400	0	80
2025.09.26	105642.60	106209.07	105547.87	106203.97	86400	0	80
2025.09.27	106203.92	106521.00	105939.97	106489.92	86387	0	80
2025.09.28	106489.87	106607.07	105943.36	106382.82	86399	0	80
2025.09.29	106382.77	106388.74	105945.33	106261.90	86400	0	80
2025.09.30	106261.85	106398.85	105538.22	105696.65	86400	0	80
2025.10.01	105696.60	106334.30	105645.16	106132.91	86401	0	80
2025.10.02	106132.86	106441.66	106069.24	106377.79	86400	0	80
2025.10.03	106377.74	106495.72	105511.36	105551.32	86400	0	80
2025.10.04	105551.27	106040.66	105542.52	105784.68	85821	0	80
2025.10.05	105784.63	106000.68	105367.14	105514.23	86338	0	80
2025.10.06	105514.18	105743.22	105335.02	105434.63	86399	0	80
2025.10.07	105434.58	105754.59	105315.62	105482.43	86400	0	80
2025.10.08	105482.38	105564.04	105122.65	105190.55	86400	0	80
2025.10.09	105190.50	105650.69	105163.75	105217.26	86401	0	80
2025.10.10	105217.21	105217.21	104701.02	104967.14	86400	0	80
2025.10.11	104967.09	105699.62	104952.78	105472.03	86400	0	80
2025.10.12	105471.98	105580.58	104921.92	105192.04	86259	0	80
2025.10.13	105191.99	105509.28	105073.60	105439.53	86400	0	80
2025.10.14	105439.48	105983.39	105311.98	105959.69	86400	0	80
2025.10.15	105959.64	106526.27	105835.06	106301.60	86401	0	80
2025.10.16	106301.55	106588.27	105978.63	106558.64	86400	0	80
2025.10.17	106558.59	106842.90	106503.85	106791.81	86400	0	80
2025.10.18	106791.76	107544.92	106772.50	107460.84	86400	0	80
2025.10.19	107460.79	107807.19	107160.18	107216.65	85161	0	80
2025.10.20	107216.60	107519.63	107084.67	107390.28	86401	0	80
2025.10.21	107390.23	107390.23	106722.49	106893.36	86400	0	80
2025.10.22	106893.31	107108.30	106551.58	106991.94	86400	0	80
2025.10.23	106991.89	107138.26	106519.08	106673.02	86400	0	80
2025.10.24	106672.97	106672.97	106250.40	106425.41	86400	0	80
2025.10.25	106425.36	106741.17	106270.17	106510.39	86401	0	80
2025.10.26	106510.34	106531.98	106081.42	106277.29	80307	0	80
2025.10.27	106277.24	106418.32	105651.43	105887.30	86401	0	80
2025.10.28	105887.25	106150.25	105606.46	105938.37	86400	0	80
2025.10.29	105938.32	106312.24	105790.17	106180.96	86400	0	80
2025.10.30	106180.91	106180.91	105545.93	105555.12	86400	0	80
2025.10.31	105555.07	105734.43	105289.47	105565.50	86401	0	80
2025.11.01	105565.45	105868.95	105472.54	105673.86	86385	0	80
2025.11.02	105673.81	105793.83	105171.87	105242.66	86335	0	80
2025.11.03	105242.61	105355.36	104966.27	105049.90	86399	0	80
2025.11.04	105049.85	105326.49	104893.71	104950.77	86400	0	80
2025.11.05	104950.72	105288.67	104824.84	104824.84	86401	0	80
2025.11.06	104824.79	104899.75	104497.18	104547.02	73792	0	80
